module_id,model,fold,subject,truth,score
alzheimer,Logistic Regression,1,id_1,1,0.5626613802448786
alzheimer,Logistic Regression,1,id_6,1,0.9162641644179731
alzheimer,Logistic Regression,1,id_14,1,0.2382297939430734
alzheimer,Logistic Regression,1,id_16,1,0.9999999937069419
alzheimer,Logistic Regression,1,id_19,1,0.9999999810983621
alzheimer,Logistic Regression,1,id_25,1,0.9998944067581317
alzheimer,Logistic Regression,1,id_29,1,0.9990536202525304
alzheimer,Logistic Regression,1,id_33,1,0.9750589502048796
alzheimer,Logistic Regression,1,id_37,1,0.9969205963843508
alzheimer,Logistic Regression,1,id_41,1,0.02224857285098334
alzheimer,Logistic Regression,1,id_46,1,0.23813777580520257
alzheimer,Logistic Regression,1,id_50,1,0.9999881984303883
alzheimer,Logistic Regression,1,id_55,1,0.9994157064134257
alzheimer,Logistic Regression,1,id_64,1,0.3680108612607102
alzheimer,Logistic Regression,1,id_69,1,0.9466915049461718
alzheimer,Logistic Regression,1,id_73,1,0.8626110216645683
alzheimer,Logistic Regression,1,id_78,1,0.9178261805415969
alzheimer,Logistic Regression,1,id_84,1,0.9867616557241391
alzheimer,Logistic Regression,1,id_87,1,0.9610513652600982
alzheimer,Logistic Regression,1,id_92,0,0.9036072932910308
alzheimer,Logistic Regression,1,id_96,0,0.0001507260390789336
alzheimer,Logistic Regression,1,id_104,0,0.04051933472193284
alzheimer,Logistic Regression,1,id_109,0,0.22840001152216416
alzheimer,Logistic Regression,1,id_113,0,0.0011955741894146214
alzheimer,Logistic Regression,1,id_119,0,0.004044979083153048
alzheimer,Logistic Regression,1,id_122,0,0.023035844962956645
alzheimer,Logistic Regression,1,id_127,0,0.01105241207798464
alzheimer,Logistic Regression,1,id_130,0,0.08564776101200366
alzheimer,Logistic Regression,1,id_137,0,7.013398512740183e-05
alzheimer,Logistic Regression,1,id_144,0,0.0008223506483216811
alzheimer,Logistic Regression,1,id_150,0,0.07528582010287874
alzheimer,Logistic Regression,1,id_155,0,0.005795633521081629
alzheimer,Logistic Regression,1,id_163,0,0.3005725258608126
alzheimer,Logistic Regression,1,id_167,0,0.04668615522176578
alzheimer,Logistic Regression,1,id_171,0,0.011655478538491897
alzheimer,RBF SVM,1,id_1,1,0.6403708990778968
alzheimer,RBF SVM,1,id_6,1,0.6361377148112441
alzheimer,RBF SVM,1,id_14,1,0.5699367440338506
alzheimer,RBF SVM,1,id_16,1,0.7463181334821399
alzheimer,RBF SVM,1,id_19,1,0.7427221520479432
alzheimer,RBF SVM,1,id_25,1,0.6875537105761341
alzheimer,RBF SVM,1,id_29,1,0.7199478585974711
alzheimer,RBF SVM,1,id_33,1,0.6184314227020833
alzheimer,RBF SVM,1,id_37,1,0.6692964172843879
alzheimer,RBF SVM,1,id_41,1,0.35448021414024294
alzheimer,RBF SVM,1,id_46,1,0.5155496162475592
alzheimer,RBF SVM,1,id_50,1,0.6702642641379928
alzheimer,RBF SVM,1,id_55,1,0.6800396059916692
alzheimer,RBF SVM,1,id_64,1,0.5126594656026936
alzheimer,RBF SVM,1,id_69,1,0.6336974402230415
alzheimer,RBF SVM,1,id_73,1,0.6004334247085549
alzheimer,RBF SVM,1,id_78,1,0.5519503924951562
alzheimer,RBF SVM,1,id_84,1,0.6530733555927114
alzheimer,RBF SVM,1,id_87,1,0.6917656324474003
alzheimer,RBF SVM,1,id_92,0,0.5364836185296002
alzheimer,RBF SVM,1,id_96,0,0.41972318259738944
alzheimer,RBF SVM,1,id_104,0,0.392177441718754
alzheimer,RBF SVM,1,id_109,0,0.42314998919787367
alzheimer,RBF SVM,1,id_113,0,0.3364274321644696
alzheimer,RBF SVM,1,id_119,0,0.3188178992997646
alzheimer,RBF SVM,1,id_122,0,0.2800075547496463
alzheimer,RBF SVM,1,id_127,0,0.4156190204828709
alzheimer,RBF SVM,1,id_130,0,0.45366862215667253
alzheimer,RBF SVM,1,id_137,0,0.387208900083581
alzheimer,RBF SVM,1,id_144,0,0.21680811739105357
alzheimer,RBF SVM,1,id_150,0,0.4869145513697101
alzheimer,RBF SVM,1,id_155,0,0.3593829966103591
alzheimer,RBF SVM,1,id_163,0,0.43661530531201664
alzheimer,RBF SVM,1,id_167,0,0.40879561591092745
alzheimer,RBF SVM,1,id_171,0,0.33501291928707916
alzheimer,Random Forest,1,id_1,1,0.7074504606460406
alzheimer,Random Forest,1,id_6,1,0.6929274355136037
alzheimer,Random Forest,1,id_14,1,0.7651214616025563
alzheimer,Random Forest,1,id_16,1,0.9029652101291018
alzheimer,Random Forest,1,id_19,1,0.9367065593765566
alzheimer,Random Forest,1,id_25,1,0.7120901618710863
alzheimer,Random Forest,1,id_29,1,0.8610692292687987
alzheimer,Random Forest,1,id_33,1,0.6230409586511709
alzheimer,Random Forest,1,id_37,1,0.7580126927452798
alzheimer,Random Forest,1,id_41,1,0.3302697900683078
alzheimer,Random Forest,1,id_46,1,0.5588204777587944
alzheimer,Random Forest,1,id_50,1,0.7361042001030396
alzheimer,Random Forest,1,id_55,1,0.7947411111651264
alzheimer,Random Forest,1,id_64,1,0.4908938069563924
alzheimer,Random Forest,1,id_69,1,0.728316940353964
alzheimer,Random Forest,1,id_73,1,0.45207089681141516
alzheimer,Random Forest,1,id_78,1,0.7770472464688445
alzheimer,Random Forest,1,id_84,1,0.8245214088309878
alzheimer,Random Forest,1,id_87,1,0.8313618509557703
alzheimer,Random Forest,1,id_92,0,0.5792471115189249
alzheimer,Random Forest,1,id_96,0,0.1401243147457244
alzheimer,Random Forest,1,id_104,0,0.25325926791617764
alzheimer,Random Forest,1,id_109,0,0.4981730074337261
alzheimer,Random Forest,1,id_113,0,0.07709400372508908
alzheimer,Random Forest,1,id_119,0,0.42264315807872266
alzheimer,Random Forest,1,id_122,0,0.35297353209798144
alzheimer,Random Forest,1,id_127,0,0.38191629755783724
alzheimer,Random Forest,1,id_130,0,0.3518394599555137
alzheimer,Random Forest,1,id_137,0,0.1055021914871653
alzheimer,Random Forest,1,id_144,0,0.07958135309531138
alzheimer,Random Forest,1,id_150,0,0.5000616963853107
alzheimer,Random Forest,1,id_155,0,0.21106221932803468
alzheimer,Random Forest,1,id_163,0,0.6237438591324468
alzheimer,Random Forest,1,id_167,0,0.25303753114549216
alzheimer,Random Forest,1,id_171,0,0.24067748240041836
alzheimer,Logistic Regression,2,id_5,1,0.028495216803907288
alzheimer,Logistic Regression,2,id_10,1,0.9992123268242307
alzheimer,Logistic Regression,2,id_11,1,0.999999999988824
alzheimer,Logistic Regression,2,id_12,1,0.9999999979095395
alzheimer,Logistic Regression,2,id_20,1,0.9999997372037921
alzheimer,Logistic Regression,2,id_26,1,0.9999408294871241
alzheimer,Logistic Regression,2,id_30,1,0.999964104883149
alzheimer,Logistic Regression,2,id_34,1,0.9959628107751355
alzheimer,Logistic Regression,2,id_38,1,0.9999809592415193
alzheimer,Logistic Regression,2,id_42,1,0.02341780794976054
alzheimer,Logistic Regression,2,id_51,1,0.9999999999993279
alzheimer,Logistic Regression,2,id_56,1,0.9999983104159734
alzheimer,Logistic Regression,2,id_61,1,0.9987882305133524
alzheimer,Logistic Regression,2,id_65,1,0.5778568156479403
alzheimer,Logistic Regression,2,id_71,1,0.004105513167052632
alzheimer,Logistic Regression,2,id_74,1,0.9697134292148342
alzheimer,Logistic Regression,2,id_80,1,0.9857702227553182
alzheimer,Logistic Regression,2,id_82,1,0.998757467772908
alzheimer,Logistic Regression,2,id_89,1,0.944044364252617
alzheimer,Logistic Regression,2,id_93,0,0.0018341377321504275
alzheimer,Logistic Regression,2,id_97,0,5.186203440444886e-05
alzheimer,Logistic Regression,2,id_103,0,1.3850397806351697e-05
alzheimer,Logistic Regression,2,id_112,0,0.004414432966907528
alzheimer,Logistic Regression,2,id_123,0,3.668455883131341e-05
alzheimer,Logistic Regression,2,id_126,0,0.0011327954406401951
alzheimer,Logistic Regression,2,id_131,0,2.4007216474719297e-05
alzheimer,Logistic Regression,2,id_138,0,0.0007070495790602424
alzheimer,Logistic Regression,2,id_140,0,2.8939446154511212e-05
alzheimer,Logistic Regression,2,id_147,0,0.0005213299394993655
alzheimer,Logistic Regression,2,id_149,0,0.0005222478556836346
alzheimer,Logistic Regression,2,id_153,0,0.009403914373852148
alzheimer,Logistic Regression,2,id_158,0,0.5372829440684066
alzheimer,Logistic Regression,2,id_164,0,0.639394849157743
alzheimer,Logistic Regression,2,id_168,0,0.00024863496317018203
alzheimer,Logistic Regression,2,id_173,0,0.0027684909614623422
alzheimer,RBF SVM,2,id_5,1,0.42527100947182067
alzheimer,RBF SVM,2,id_10,1,0.6536693576407182
alzheimer,RBF SVM,2,id_11,1,0.6728434476877233
alzheimer,RBF SVM,2,id_12,1,0.7610271097550577
alzheimer,RBF SVM,2,id_20,1,0.6999110142060567
alzheimer,RBF SVM,2,id_26,1,0.6998298752276875
alzheimer,RBF SVM,2,id_30,1,0.7209397676106594
alzheimer,RBF SVM,2,id_34,1,0.6534406635271328
alzheimer,RBF SVM,2,id_38,1,0.6643404541485416
alzheimer,RBF SVM,2,id_42,1,0.46916970602623675
alzheimer,RBF SVM,2,id_51,1,0.6529969798183024
alzheimer,RBF SVM,2,id_56,1,0.7475330406542956
alzheimer,RBF SVM,2,id_61,1,0.6984342840213487
alzheimer,RBF SVM,2,id_65,1,0.5040036159411061
alzheimer,RBF SVM,2,id_71,1,0.5851711923390525
alzheimer,RBF SVM,2,id_74,1,0.5606377701420143
alzheimer,RBF SVM,2,id_80,1,0.5774309151278749
alzheimer,RBF SVM,2,id_82,1,0.658429167491044
alzheimer,RBF SVM,2,id_89,1,0.65055980259479
alzheimer,RBF SVM,2,id_93,0,0.41062596952038255
alzheimer,RBF SVM,2,id_97,0,0.3566977408572806
alzheimer,RBF SVM,2,id_103,0,0.2773347326640458
alzheimer,RBF SVM,2,id_112,0,0.3251189776061573
alzheimer,RBF SVM,2,id_123,0,0.21030781314906374
alzheimer,RBF SVM,2,id_126,0,0.26890975216968704
alzheimer,RBF SVM,2,id_131,0,0.23108686264604497
alzheimer,RBF SVM,2,id_138,0,0.40113244552052607
alzheimer,RBF SVM,2,id_140,0,0.36218275419432355
alzheimer,RBF SVM,2,id_147,0,0.26164481003126033
alzheimer,RBF SVM,2,id_149,0,0.28360580116478284
alzheimer,RBF SVM,2,id_153,0,0.31463049150644157
alzheimer,RBF SVM,2,id_158,0,0.6460967409236119
alzheimer,RBF SVM,2,id_164,0,0.5542441701760527
alzheimer,RBF SVM,2,id_168,0,0.2398002354860824
alzheimer,RBF SVM,2,id_173,0,0.2723201148056777
alzheimer,Random Forest,2,id_5,1,0.5650174068655786
alzheimer,Random Forest,2,id_10,1,0.8368121748342005
alzheimer,Random Forest,2,id_11,1,0.9363214752206764
alzheimer,Random Forest,2,id_12,1,0.9198482360596618
alzheimer,Random Forest,2,id_20,1,0.8868940126084752
alzheimer,Random Forest,2,id_26,1,0.6837360517056408
alzheimer,Random Forest,2,id_30,1,0.8047663609336453
alzheimer,Random Forest,2,id_34,1,0.6783227243921927
alzheimer,Random Forest,2,id_38,1,0.6720862797511706
alzheimer,Random Forest,2,id_42,1,0.42704012035946776
alzheimer,Random Forest,2,id_51,1,0.8801793456964399
alzheimer,Random Forest,2,id_56,1,0.8794972977707513
alzheimer,Random Forest,2,id_61,1,0.7629128952153187
alzheimer,Random Forest,2,id_65,1,0.5461499842950388
alzheimer,Random Forest,2,id_71,1,0.5371342920143092
alzheimer,Random Forest,2,id_74,1,0.6536899993438365
alzheimer,Random Forest,2,id_80,1,0.6972987745731558
alzheimer,Random Forest,2,id_82,1,0.7768486535540885
alzheimer,Random Forest,2,id_89,1,0.7417215677282413
alzheimer,Random Forest,2,id_93,0,0.17353956092443934
alzheimer,Random Forest,2,id_97,0,0.12428891351274952
alzheimer,Random Forest,2,id_103,0,0.1189732523778848
alzheimer,Random Forest,2,id_112,0,0.19485131436627828
alzheimer,Random Forest,2,id_123,0,0.23253139554875282
alzheimer,Random Forest,2,id_126,0,0.24475219805752746
alzheimer,Random Forest,2,id_131,0,0.12551949641756238
alzheimer,Random Forest,2,id_138,0,0.1935908948308908
alzheimer,Random Forest,2,id_140,0,0.10930418089867112
alzheimer,Random Forest,2,id_147,0,0.08849358805063118
alzheimer,Random Forest,2,id_149,0,0.25122302917669914
alzheimer,Random Forest,2,id_153,0,0.2051934317351941
alzheimer,Random Forest,2,id_158,0,0.193884930149366
alzheimer,Random Forest,2,id_164,0,0.6938138710786155
alzheimer,Random Forest,2,id_168,0,0.147620984349835
alzheimer,Random Forest,2,id_173,0,0.09196793539321722
alzheimer,Logistic Regression,3,id_17,1,0.9665405940638809
alzheimer,Logistic Regression,3,id_21,1,0.9998692305867807
alzheimer,Logistic Regression,3,id_23,1,0.9999966627006281
alzheimer,Logistic Regression,3,id_28,1,0.9890826253988078
alzheimer,Logistic Regression,3,id_32,1,0.9943002696387525
alzheimer,Logistic Regression,3,id_39,1,0.999680559054263
alzheimer,Logistic Regression,3,id_44,1,0.006399079757666965
alzheimer,Logistic Regression,3,id_49,1,0.43648596814646284
alzheimer,Logistic Regression,3,id_52,1,0.9999998848783024
alzheimer,Logistic Regression,3,id_58,1,0.9999150266182794
alzheimer,Logistic Regression,3,id_60,1,0.9997051271368841
alzheimer,Logistic Regression,3,id_66,1,0.9867622072295436
alzheimer,Logistic Regression,3,id_72,1,0.8477259725377999
alzheimer,Logistic Regression,3,id_75,1,0.0950048202603448
alzheimer,Logistic Regression,3,id_81,1,0.9999999946169889
alzheimer,Logistic Regression,3,id_83,1,0.9991529470945296
alzheimer,Logistic Regression,3,id_90,0,0.021036939571185437
alzheimer,Logistic Regression,3,id_91,0,0.9645452682427107
alzheimer,Logistic Regression,3,id_100,0,0.0075774589740757094
alzheimer,Logistic Regression,3,id_105,0,0.14802467288853932
alzheimer,Logistic Regression,3,id_110,0,0.01443035632734241
alzheimer,Logistic Regression,3,id_114,0,0.002080249484491868
alzheimer,Logistic Regression,3,id_117,0,0.001706934225009401
alzheimer,Logistic Regression,3,id_124,0,0.00524724555162438
alzheimer,Logistic Regression,3,id_128,0,0.02150903367609881
alzheimer,Logistic Regression,3,id_133,0,0.07557888395764441
alzheimer,Logistic Regression,3,id_135,0,0.0014328568348614948
alzheimer,Logistic Regression,3,id_141,0,0.00011589136530956762
alzheimer,Logistic Regression,3,id_145,0,0.0023529847177943034
alzheimer,Logistic Regression,3,id_151,0,0.023205187645553942
alzheimer,Logistic Regression,3,id_156,0,0.9524339501439819
alzheimer,Logistic Regression,3,id_159,0,0.00756917946674519
alzheimer,Logistic Regression,3,id_165,0,0.9757612618315077
alzheimer,Logistic Regression,3,id_172,0,0.006205965594370353
alzheimer,RBF SVM,3,id_17,1,0.6502606624548581
alzheimer,RBF SVM,3,id_21,1,0.7374580862233326
alzheimer,RBF SVM,3,id_23,1,0.7358093071208305
alzheimer,RBF SVM,3,id_28,1,0.6627866401325749
alzheimer,RBF SVM,3,id_32,1,0.6503550706667071
alzheimer,RBF SVM,3,id_39,1,0.6586310197733473
alzheimer,RBF SVM,3,id_44,1,0.523515791360633
alzheimer,RBF SVM,3,id_49,1,0.597950297122947
alzheimer,RBF SVM,3,id_52,1,0.6421580168376632
alzheimer,RBF SVM,3,id_58,1,0.7260525065451963
alzheimer,RBF SVM,3,id_60,1,0.696840165568832
alzheimer,RBF SVM,3,id_66,1,0.6512987032105373
alzheimer,RBF SVM,3,id_72,1,0.6144453114732581
alzheimer,RBF SVM,3,id_75,1,0.47593141898926905
alzheimer,RBF SVM,3,id_81,1,0.6941377557552895
alzheimer,RBF SVM,3,id_83,1,0.7096282008415575
alzheimer,RBF SVM,3,id_90,0,0.31586282862594645
alzheimer,RBF SVM,3,id_91,0,0.5249199957162567
alzheimer,RBF SVM,3,id_100,0,0.235764312486355
alzheimer,RBF SVM,3,id_105,0,0.46520092957094156
alzheimer,RBF SVM,3,id_110,0,0.3057201730462521
alzheimer,RBF SVM,3,id_114,0,0.27414153663569335
alzheimer,RBF SVM,3,id_117,0,0.26424718411105486
alzheimer,RBF SVM,3,id_124,0,0.2587360607379174
alzheimer,RBF SVM,3,id_128,0,0.3362472755154937
alzheimer,RBF SVM,3,id_133,0,0.33425826600045977
alzheimer,RBF SVM,3,id_135,0,0.2792686248881057
alzheimer,RBF SVM,3,id_141,0,0.3832893191287555
alzheimer,RBF SVM,3,id_145,0,0.3084412497477659
alzheimer,RBF SVM,3,id_151,0,0.5065220704222364
alzheimer,RBF SVM,3,id_156,0,0.5950084854939259
alzheimer,RBF SVM,3,id_159,0,0.3466776406341637
alzheimer,RBF SVM,3,id_165,0,0.5883039288324672
alzheimer,RBF SVM,3,id_172,0,0.2905247207203045
alzheimer,Random Forest,3,id_17,1,0.6770922369733947
alzheimer,Random Forest,3,id_21,1,0.8438069999155424
alzheimer,Random Forest,3,id_23,1,0.8863476634440519
alzheimer,Random Forest,3,id_28,1,0.7570837148149038
alzheimer,Random Forest,3,id_32,1,0.7635988774933878
alzheimer,Random Forest,3,id_39,1,0.7093594018379801
alzheimer,Random Forest,3,id_44,1,0.4153774063341035
alzheimer,Random Forest,3,id_49,1,0.5345266143107995
alzheimer,Random Forest,3,id_52,1,0.9063451992146113
alzheimer,Random Forest,3,id_58,1,0.8688265729133764
alzheimer,Random Forest,3,id_60,1,0.747736618683871
alzheimer,Random Forest,3,id_66,1,0.6807789256495198
alzheimer,Random Forest,3,id_72,1,0.697508439671878
alzheimer,Random Forest,3,id_75,1,0.49100082898541797
alzheimer,Random Forest,3,id_81,1,0.7552776781461717
alzheimer,Random Forest,3,id_83,1,0.8505251120248059
alzheimer,Random Forest,3,id_90,0,0.1929517459177906
alzheimer,Random Forest,3,id_91,0,0.4434805250463771
alzheimer,Random Forest,3,id_100,0,0.11882616641249996
alzheimer,Random Forest,3,id_105,0,0.5384992556726987
alzheimer,Random Forest,3,id_110,0,0.28615804364717407
alzheimer,Random Forest,3,id_114,0,0.12841679670541617
alzheimer,Random Forest,3,id_117,0,0.16417971021233005
alzheimer,Random Forest,3,id_124,0,0.16723919514122712
alzheimer,Random Forest,3,id_128,0,0.33655998332086406
alzheimer,Random Forest,3,id_133,0,0.31590012414951174
alzheimer,Random Forest,3,id_135,0,0.09948210598164726
alzheimer,Random Forest,3,id_141,0,0.2883742308416221
alzheimer,Random Forest,3,id_145,0,0.1497127417347982
alzheimer,Random Forest,3,id_151,0,0.5176346153311323
alzheimer,Random Forest,3,id_156,0,0.6509780141950994
alzheimer,Random Forest,3,id_159,0,0.2576638445906574
alzheimer,Random Forest,3,id_165,0,0.738212680028226
alzheimer,Random Forest,3,id_172,0,0.16879302942300758
alzheimer,Logistic Regression,4,id_3,1,0.9905938300560424
alzheimer,Logistic Regression,4,id_7,1,0.9600467029396105
alzheimer,Logistic Regression,4,id_22,1,0.9999978134544444
alzheimer,Logistic Regression,4,id_27,1,0.8240701757383828
alzheimer,Logistic Regression,4,id_35,1,0.9979601385334088
alzheimer,Logistic Regression,4,id_40,1,0.7894222979017894
alzheimer,Logistic Regression,4,id_43,1,0.22949592150544026
alzheimer,Logistic Regression,4,id_47,1,0.2610576921043701
alzheimer,Logistic Regression,4,id_53,1,0.9999896753175289
alzheimer,Logistic Regression,4,id_57,1,0.9988925520283104
alzheimer,Logistic Regression,4,id_62,1,0.9999982759473608
alzheimer,Logistic Regression,4,id_67,1,0.999979160139933
alzheimer,Logistic Regression,4,id_76,1,0.7663015597517391
alzheimer,Logistic Regression,4,id_79,1,0.9915243031598056
alzheimer,Logistic Regression,4,id_85,1,0.9776970782167793
alzheimer,Logistic Regression,4,id_88,1,0.9685971484637558
alzheimer,Logistic Regression,4,id_94,0,0.035008883884565786
alzheimer,Logistic Regression,4,id_98,0,0.028089977919702157
alzheimer,Logistic Regression,4,id_101,0,0.21698813278429216
alzheimer,Logistic Regression,4,id_106,0,0.8134005479878423
alzheimer,Logistic Regression,4,id_108,0,0.9266713176367409
alzheimer,Logistic Regression,4,id_115,0,0.0007963753648757305
alzheimer,Logistic Regression,4,id_120,0,0.010850574752331933
alzheimer,Logistic Regression,4,id_125,0,0.0016482575396385498
alzheimer,Logistic Regression,4,id_129,0,0.9994799531206278
alzheimer,Logistic Regression,4,id_132,0,0.002799422093254774
alzheimer,Logistic Regression,4,id_139,0,0.00023105382975492766
alzheimer,Logistic Regression,4,id_142,0,0.9885311225560603
alzheimer,Logistic Regression,4,id_146,0,0.3251475827840615
alzheimer,Logistic Regression,4,id_152,0,0.09339711911018478
alzheimer,Logistic Regression,4,id_157,0,0.026678262514162363
alzheimer,Logistic Regression,4,id_161,0,0.5597415068044342
alzheimer,Logistic Regression,4,id_166,0,0.1330433028851399
alzheimer,Logistic Regression,4,id_169,0,0.9612603946413392
alzheimer,Logistic Regression,4,id_174,0,0.004205309980272922
alzheimer,RBF SVM,4,id_3,1,0.6004560485061577
alzheimer,RBF SVM,4,id_7,1,0.5789567701846305
alzheimer,RBF SVM,4,id_22,1,0.7626047239336293
alzheimer,RBF SVM,4,id_27,1,0.6320325491500401
alzheimer,RBF SVM,4,id_35,1,0.6410316153850603
alzheimer,RBF SVM,4,id_40,1,0.5399191100049142
alzheimer,RBF SVM,4,id_43,1,0.48465301550702555
alzheimer,RBF SVM,4,id_47,1,0.5284774675958372
alzheimer,RBF SVM,4,id_53,1,0.6891017910220515
alzheimer,RBF SVM,4,id_57,1,0.7244750234746603
alzheimer,RBF SVM,4,id_62,1,0.6495418610910676
alzheimer,RBF SVM,4,id_67,1,0.6420427611414599
alzheimer,RBF SVM,4,id_76,1,0.5127924380705707
alzheimer,RBF SVM,4,id_79,1,0.5751467129716231
alzheimer,RBF SVM,4,id_85,1,0.6482647865015385
alzheimer,RBF SVM,4,id_88,1,0.5981713992921174
alzheimer,RBF SVM,4,id_94,0,0.31589162729920367
alzheimer,RBF SVM,4,id_98,0,0.38440434800812856
alzheimer,RBF SVM,4,id_101,0,0.3998310574227235
alzheimer,RBF SVM,4,id_106,0,0.5592250564355045
alzheimer,RBF SVM,4,id_108,0,0.5605234493635172
alzheimer,RBF SVM,4,id_115,0,0.2210357697656793
alzheimer,RBF SVM,4,id_120,0,0.43286516870108666
alzheimer,RBF SVM,4,id_125,0,0.35591570631995645
alzheimer,RBF SVM,4,id_129,0,0.6420439768376238
alzheimer,RBF SVM,4,id_132,0,0.2797567408244006
alzheimer,RBF SVM,4,id_139,0,0.223973405070217
alzheimer,RBF SVM,4,id_142,0,0.5724849372712132
alzheimer,RBF SVM,4,id_146,0,0.44292044516845364
alzheimer,RBF SVM,4,id_152,0,0.3995209650307339
alzheimer,RBF SVM,4,id_157,0,0.43577805654866736
alzheimer,RBF SVM,4,id_161,0,0.4524710985299596
alzheimer,RBF SVM,4,id_166,0,0.5081621053923848
alzheimer,RBF SVM,4,id_169,0,0.6420710540531376
alzheimer,RBF SVM,4,id_174,0,0.27126038535341657
alzheimer,Random Forest,4,id_3,1,0.5863364738927695
alzheimer,Random Forest,4,id_7,1,0.7887852751168887
alzheimer,Random Forest,4,id_22,1,0.926551086514295
alzheimer,Random Forest,4,id_27,1,0.650981676242649
alzheimer,Random Forest,4,id_35,1,0.779715832479137
alzheimer,Random Forest,4,id_40,1,0.6037783825259811
alzheimer,Random Forest,4,id_43,1,0.437197814893957
alzheimer,Random Forest,4,id_47,1,0.5990456577941314
alzheimer,Random Forest,4,id_53,1,0.9198384263661109
alzheimer,Random Forest,4,id_57,1,0.8498948056229813
alzheimer,Random Forest,4,id_62,1,0.7387700737443589
alzheimer,Random Forest,4,id_67,1,0.5722325503488142
alzheimer,Random Forest,4,id_76,1,0.5011489583823151
alzheimer,Random Forest,4,id_79,1,0.6584480215403857
alzheimer,Random Forest,4,id_85,1,0.7832955933960409
alzheimer,Random Forest,4,id_88,1,0.7528851095387555
alzheimer,Random Forest,4,id_94,0,0.2783539238316518
alzheimer,Random Forest,4,id_98,0,0.11904863481511158
alzheimer,Random Forest,4,id_101,0,0.12664682870084673
alzheimer,Random Forest,4,id_106,0,0.5539181697877792
alzheimer,Random Forest,4,id_108,0,0.4942424394442751
alzheimer,Random Forest,4,id_115,0,0.1358364743283934
alzheimer,Random Forest,4,id_120,0,0.4748980280440195
alzheimer,Random Forest,4,id_125,0,0.2194896108597587
alzheimer,Random Forest,4,id_129,0,0.45624716221920747
alzheimer,Random Forest,4,id_132,0,0.1807756478246563
alzheimer,Random Forest,4,id_139,0,0.05601094839508189
alzheimer,Random Forest,4,id_142,0,0.5572846283246614
alzheimer,Random Forest,4,id_146,0,0.3640239129799979
alzheimer,Random Forest,4,id_152,0,0.46354916808954355
alzheimer,Random Forest,4,id_157,0,0.18518003158448848
alzheimer,Random Forest,4,id_161,0,0.45746159669420744
alzheimer,Random Forest,4,id_166,0,0.29157558115613874
alzheimer,Random Forest,4,id_169,0,0.28376913085912003
alzheimer,Random Forest,4,id_174,0,0.13586036889761177
alzheimer,Logistic Regression,5,id_2,1,0.9999323438922204
alzheimer,Logistic Regression,5,id_4,1,0.997334091887185
alzheimer,Logistic Regression,5,id_8,1,0.009057647959637266
alzheimer,Logistic Regression,5,id_9,1,0.9186377524701724
alzheimer,Logistic Regression,5,id_13,1,0.9685988346302972
alzheimer,Logistic Regression,5,id_15,1,0.9999968043774099
alzheimer,Logistic Regression,5,id_18,1,1.0
alzheimer,Logistic Regression,5,id_24,1,0.703383394297104
alzheimer,Logistic Regression,5,id_31,1,0.9624206315077148
alzheimer,Logistic Regression,5,id_36,1,0.9468204992601378
alzheimer,Logistic Regression,5,id_45,1,0.02684830957067354
alzheimer,Logistic Regression,5,id_48,1,0.38986933127932694
alzheimer,Logistic Regression,5,id_54,1,0.9995450219428511
alzheimer,Logistic Regression,5,id_59,1,0.9993850391651158
alzheimer,Logistic Regression,5,id_63,1,0.9638652102621249
alzheimer,Logistic Regression,5,id_68,1,0.9964351346614894
alzheimer,Logistic Regression,5,id_70,1,0.9785923717021475
alzheimer,Logistic Regression,5,id_77,1,0.8718687061726041
alzheimer,Logistic Regression,5,id_86,1,0.9942762270959932
alzheimer,Logistic Regression,5,id_95,0,0.9959158254605316
alzheimer,Logistic Regression,5,id_99,0,5.101813747095603e-06
alzheimer,Logistic Regression,5,id_102,0,0.0026195892703407254
alzheimer,Logistic Regression,5,id_107,0,0.01726298024557219
alzheimer,Logistic Regression,5,id_111,0,0.003744034730835604
alzheimer,Logistic Regression,5,id_116,0,0.00014438447380319343
alzheimer,Logistic Regression,5,id_118,0,0.0064730910684835784
alzheimer,Logistic Regression,5,id_121,0,0.054557817355162117
alzheimer,Logistic Regression,5,id_134,0,0.00036635935596872766
alzheimer,Logistic Regression,5,id_136,0,0.0007632676266165009
alzheimer,Logistic Regression,5,id_143,0,0.011437667663530538
alzheimer,Logistic Regression,5,id_148,0,0.9999998422141527
alzheimer,Logistic Regression,5,id_154,0,0.04469862572974523
alzheimer,Logistic Regression,5,id_160,0,0.010325757762184137
alzheimer,Logistic Regression,5,id_162,0,0.6614435309731819
alzheimer,Logistic Regression,5,id_170,0,0.0005566125612601156
alzheimer,RBF SVM,5,id_2,1,0.6797440017174107
alzheimer,RBF SVM,5,id_4,1,0.6664579204061003
alzheimer,RBF SVM,5,id_8,1,0.3964593094620407
alzheimer,RBF SVM,5,id_9,1,0.6593735578973011
alzheimer,RBF SVM,5,id_13,1,0.6440279010933343
alzheimer,RBF SVM,5,id_15,1,0.7697652777444483
alzheimer,RBF SVM,5,id_18,1,0.659021114945343
alzheimer,RBF SVM,5,id_24,1,0.6035144087846915
alzheimer,RBF SVM,5,id_31,1,0.6333842474276277
alzheimer,RBF SVM,5,id_36,1,0.6474784237977331
alzheimer,RBF SVM,5,id_45,1,0.48365153055757465
alzheimer,RBF SVM,5,id_48,1,0.5413470926571501
alzheimer,RBF SVM,5,id_54,1,0.7030064334160409
alzheimer,RBF SVM,5,id_59,1,0.6929890976757226
alzheimer,RBF SVM,5,id_63,1,0.5605395712030519
alzheimer,RBF SVM,5,id_68,1,0.6627507385391039
alzheimer,RBF SVM,5,id_70,1,0.5846324134545344
alzheimer,RBF SVM,5,id_77,1,0.5944271648876417
alzheimer,RBF SVM,5,id_86,1,0.6535470570599197
alzheimer,RBF SVM,5,id_95,0,0.6097568629995338
alzheimer,RBF SVM,5,id_99,0,0.20751200275510628
alzheimer,RBF SVM,5,id_102,0,0.5199482565044415
alzheimer,RBF SVM,5,id_107,0,0.33940814711138784
alzheimer,RBF SVM,5,id_111,0,0.2853647080798602
alzheimer,RBF SVM,5,id_116,0,0.20550908674516427
alzheimer,RBF SVM,5,id_118,0,0.35522863913117597
alzheimer,RBF SVM,5,id_121,0,0.2935485509981555
alzheimer,RBF SVM,5,id_134,0,0.20625065856846206
alzheimer,RBF SVM,5,id_136,0,0.595082256116283
alzheimer,RBF SVM,5,id_143,0,0.4288483539058328
alzheimer,RBF SVM,5,id_148,0,0.659021114945343
alzheimer,RBF SVM,5,id_154,0,0.405400131511801
alzheimer,RBF SVM,5,id_160,0,0.383963071882483
alzheimer,RBF SVM,5,id_162,0,0.6233249889143259
alzheimer,RBF SVM,5,id_170,0,0.25167701819305144
alzheimer,Random Forest,5,id_2,1,0.9384487207186905
alzheimer,Random Forest,5,id_4,1,0.8504344918449764
alzheimer,Random Forest,5,id_8,1,0.322063183104734
alzheimer,Random Forest,5,id_9,1,0.7930415277641708
alzheimer,Random Forest,5,id_13,1,0.7699603552761001
alzheimer,Random Forest,5,id_15,1,0.8748107560535273
alzheimer,Random Forest,5,id_18,1,0.9082294929606555
alzheimer,Random Forest,5,id_24,1,0.6752712304392388
alzheimer,Random Forest,5,id_31,1,0.6956613804229579
alzheimer,Random Forest,5,id_36,1,0.7359551510631863
alzheimer,Random Forest,5,id_45,1,0.5170723412442474
alzheimer,Random Forest,5,id_48,1,0.5651199805060381
alzheimer,Random Forest,5,id_54,1,0.8518891131182345
alzheimer,Random Forest,5,id_59,1,0.83284999918353
alzheimer,Random Forest,5,id_63,1,0.6604883084596298
alzheimer,Random Forest,5,id_68,1,0.7254091739684131
alzheimer,Random Forest,5,id_70,1,0.62547141877208
alzheimer,Random Forest,5,id_77,1,0.6777434049195484
alzheimer,Random Forest,5,id_86,1,0.809716226834506
alzheimer,Random Forest,5,id_95,0,0.23876477398862112
alzheimer,Random Forest,5,id_99,0,0.12639603593193702
alzheimer,Random Forest,5,id_102,0,0.2718805882944119
alzheimer,Random Forest,5,id_107,0,0.3340328925673811
alzheimer,Random Forest,5,id_111,0,0.10363254504347663
alzheimer,Random Forest,5,id_116,0,0.14094570059848738
alzheimer,Random Forest,5,id_118,0,0.180992753815991
alzheimer,Random Forest,5,id_121,0,0.36340374507501016
alzheimer,Random Forest,5,id_134,0,0.09167902378291805
alzheimer,Random Forest,5,id_136,0,0.1280963867720932
alzheimer,Random Forest,5,id_143,0,0.37081050946879024
alzheimer,Random Forest,5,id_148,0,0.13081057333765322
alzheimer,Random Forest,5,id_154,0,0.5319469783439452
alzheimer,Random Forest,5,id_160,0,0.5910771504951943
alzheimer,Random Forest,5,id_162,0,0.4648024504156589
alzheimer,Random Forest,5,id_170,0,0.20186364246440497
