model,fold,accuracy,sensitivity,specificity,precision,f1,roc_auc,training_seconds,inference_ms_per_sample,train_subjects,test_subjects
Logistic Regression,1,0.555014605647517,0.6813186813186813,0.5427350427350427,0.12653061224489795,0.2134251290877797,0.669226073072227,0.020385900046676397,0.003285394317698107,4107,1027
RBF SVM,1,0.6718597857838364,0.6153846153846154,0.6773504273504274,0.1564245810055866,0.24944320712694878,0.6990114586268432,0.47159229998942465,0.1951411879732987,4107,1027
Random Forest,1,0.8928919182083739,0.10989010989010989,0.969017094017094,0.2564102564102564,0.15384615384615385,0.6497663661125199,0.6897828000364825,0.03618880233091702,4107,1027
Logistic Regression,2,0.5618305744888024,0.7,0.5485592315901814,0.12962962962962962,0.21875,0.6577433890667617,0.010831099934875965,0.0032809153317084794,4107,1027
RBF SVM,2,0.6592015579357352,0.6,0.6648879402347919,0.14673913043478262,0.23580786026200873,0.6687952092968101,0.561579899978824,0.26340642649255974,4107,1027
Random Forest,2,0.8928919182083739,0.05555555555555555,0.9733191035218783,0.16666666666666666,0.08333333333333333,0.622738052887466,0.8508584999945015,0.05501431348155948,4107,1027
Logistic Regression,3,0.5394352482960078,0.686046511627907,0.5260361317747078,0.11683168316831684,0.1996615905245347,0.6438783580060796,0.02266999997664243,0.009200973717356146,4107,1027
RBF SVM,3,0.6222005842259006,0.627906976744186,0.6216790648246546,0.13170731707317074,0.21774193548387097,0.6467698885401478,0.6702361999778077,0.243788899739564,4107,1027
Random Forest,3,0.8958130477117819,0.05813953488372093,0.9723698193411264,0.16129032258064516,0.08547008547008547,0.6133690037812323,0.7505073000211269,0.0321293085815336,4107,1027
Logistic Regression,4,0.557935735150925,0.7647058823529411,0.543274244004171,0.10612244897959183,0.1863799283154122,0.7035744954916273,0.009771899902261794,0.002407887134385434,4107,1027
RBF SVM,4,0.6368062317429406,0.6176470588235294,0.6381647549530761,0.10796915167095116,0.1838074398249453,0.7100456971109612,0.4848862999351695,0.3269438169571955,4107,1027
Random Forest,4,0.9123661148977604,0.07352941176470588,0.9718456725755996,0.15625,0.1,0.645839722750414,1.9531980999745429,0.06513037975467632,4107,1027
Logistic Regression,5,0.5740740740740741,0.6,0.5718816067653277,0.10596026490066225,0.1801125703564728,0.628125,0.02395740000065416,0.007372124726043517,4108,1026
RBF SVM,5,0.6783625730994152,0.575,0.6871035940803383,0.13450292397660818,0.21800947867298578,0.6413385306553911,0.9071211999980733,0.46542816766815487,4108,1026
Random Forest,5,0.9035087719298246,0.0625,0.9746300211416491,0.1724137931034483,0.09174311926605505,0.6152285940803383,1.4384220000356436,0.07924775830805883,4108,1026
