model,fold,accuracy,sensitivity,specificity,precision,f1,roc_auc,training_seconds,inference_ms_per_recording,train_subjects,test_subjects
Logistic Regression,1,0.6666666666666666,1.0,0.0,0.6666666666666666,0.8,0.625,0.026370699983090162,0.06113513498692899,26,6
RBF SVM,1,0.6666666666666666,1.0,0.0,0.6666666666666666,0.8,0.5,0.01340539997909218,0.10142702533787973,26,6
Random Forest,1,0.6666666666666666,1.0,0.0,0.6666666666666666,0.8,1.0,0.6038950000656769,0.5493648633411204,26,6
Logistic Regression,2,0.5,0.6,0.0,0.75,0.6666666666666666,0.4,0.016316200024448335,0.08874864795723476,26,6
RBF SVM,2,0.5,0.6,0.0,0.75,0.6666666666666666,0.0,0.010578499990515411,0.18360810920696807,26,6
Random Forest,2,0.8333333333333334,1.0,0.0,0.8333333333333334,0.9090909090909091,0.4,0.8184615999925882,0.8520189188169064,26,6
Logistic Regression,3,0.8333333333333334,0.8,1.0,1.0,0.8888888888888888,1.0,0.012908299919217825,0.07022972961233274,26,6
RBF SVM,3,0.8333333333333334,0.8,1.0,1.0,0.8888888888888888,1.0,0.017307100002653897,0.15024324199436484,26,6
Random Forest,3,0.8333333333333334,0.8,1.0,1.0,0.8888888888888888,1.0,0.493359100073576,0.5368162166780314,26,6
Logistic Regression,4,0.8571428571428571,1.0,0.5,0.8333333333333334,0.9090909090909091,0.6,0.020263500045984983,0.07679999994468831,25,7
RBF SVM,4,0.8571428571428571,1.0,0.5,0.8333333333333334,0.9090909090909091,0.6,0.01237740006763488,0.06359523727691599,25,7
Random Forest,4,0.7142857142857143,1.0,0.0,0.7142857142857143,0.8333333333333334,0.7,0.6067065999377519,0.8142976190096566,25,7
Logistic Regression,5,0.8571428571428571,0.8,1.0,1.0,0.8888888888888888,0.9,0.01345139998011291,0.041107142654558025,25,7
RBF SVM,5,0.8571428571428571,0.8,1.0,1.0,0.8888888888888888,1.0,0.01682929997332394,0.19673333458957218,25,7
Random Forest,5,1.0,1.0,1.0,1.0,1.0,1.0,0.8189870999194682,1.0858809525546218,25,7
