model,fold,subject,truth,score
Logistic Regression,1,S06,1,0.798789522050029
Logistic Regression,1,S06,1,0.9957272858635402
Logistic Regression,1,S06,1,0.6793336483904605
Logistic Regression,1,S06,1,0.44853089619668257
Logistic Regression,1,S06,1,0.5246969038255092
Logistic Regression,1,S06,1,0.2348591176393857
Logistic Regression,1,S13,0,0.8903119367425434
Logistic Regression,1,S13,0,0.8492687708518236
Logistic Regression,1,S13,0,0.7540314425718014
Logistic Regression,1,S13,0,0.9208783768864934
Logistic Regression,1,S13,0,0.5359957491732436
Logistic Regression,1,S13,0,0.7993425956608927
Logistic Regression,1,S21,1,0.9920785090471536
Logistic Regression,1,S21,1,0.9941721206903721
Logistic Regression,1,S21,1,0.9642319114922511
Logistic Regression,1,S21,1,0.9972521330036815
Logistic Regression,1,S21,1,0.993851944728751
Logistic Regression,1,S21,1,0.9997542060517456
Logistic Regression,1,S21,1,0.9996804126109625
Logistic Regression,1,S22,1,0.9612299952754536
Logistic Regression,1,S22,1,0.7252817471907337
Logistic Regression,1,S22,1,0.7072446156519099
Logistic Regression,1,S22,1,0.6252821826936231
Logistic Regression,1,S22,1,0.7641226476525852
Logistic Regression,1,S22,1,0.706256367523086
Logistic Regression,1,S33,1,0.9973502496459118
Logistic Regression,1,S33,1,0.998420146978286
Logistic Regression,1,S33,1,0.9993278762030907
Logistic Regression,1,S33,1,0.9991218014607303
Logistic Regression,1,S33,1,0.997291349098358
Logistic Regression,1,S33,1,0.9853564011491995
Logistic Regression,1,S49,0,0.9355769756029172
Logistic Regression,1,S49,0,0.9756893111336793
Logistic Regression,1,S49,0,0.8913466529987725
Logistic Regression,1,S49,0,0.6296627101216293
Logistic Regression,1,S49,0,0.5208248107546948
Logistic Regression,1,S49,0,0.46623379106903695
RBF SVM,1,S06,1,0.6345423338283989
RBF SVM,1,S06,1,0.807924453949556
RBF SVM,1,S06,1,0.5895068415397754
RBF SVM,1,S06,1,0.46434577148422235
RBF SVM,1,S06,1,0.5901420499009374
RBF SVM,1,S06,1,0.41413774600535896
RBF SVM,1,S13,0,0.7495241126487273
RBF SVM,1,S13,0,0.6684512759333383
RBF SVM,1,S13,0,0.6163555747625996
RBF SVM,1,S13,0,0.7445449491115099
RBF SVM,1,S13,0,0.514754964110676
RBF SVM,1,S13,0,0.6272440903045482
RBF SVM,1,S21,1,0.7396196495790774
RBF SVM,1,S21,1,0.7879873697118588
RBF SVM,1,S21,1,0.7691794655609837
RBF SVM,1,S21,1,0.7285277278566771
RBF SVM,1,S21,1,0.7229347309381454
RBF SVM,1,S21,1,0.7315082497189932
RBF SVM,1,S21,1,0.7438011592699888
RBF SVM,1,S22,1,0.6974060572675148
RBF SVM,1,S22,1,0.6021005408887395
RBF SVM,1,S22,1,0.6561672547416124
RBF SVM,1,S22,1,0.6137381236473609
RBF SVM,1,S22,1,0.6229128730733507
RBF SVM,1,S22,1,0.557516160430585
RBF SVM,1,S33,1,0.8723420131682338
RBF SVM,1,S33,1,0.8791231170132073
RBF SVM,1,S33,1,0.8760508623075525
RBF SVM,1,S33,1,0.8394986581128432
RBF SVM,1,S33,1,0.8250253541068397
RBF SVM,1,S33,1,0.8530907186056458
RBF SVM,1,S49,0,0.7953276271973801
RBF SVM,1,S49,0,0.8529745435931755
RBF SVM,1,S49,0,0.739092976137905
RBF SVM,1,S49,0,0.6269223607145941
RBF SVM,1,S49,0,0.616928351061825
RBF SVM,1,S49,0,0.5959668377889027
Random Forest,1,S06,1,0.9332540142212248
Random Forest,1,S06,1,0.9965142857142857
Random Forest,1,S06,1,0.788119738447178
Random Forest,1,S06,1,0.7247260506407247
Random Forest,1,S06,1,0.6983295947219514
Random Forest,1,S06,1,0.7422705399269696
Random Forest,1,S13,0,0.7788236979367283
Random Forest,1,S13,0,0.7976697551442127
Random Forest,1,S13,0,0.7112021689451419
Random Forest,1,S13,0,0.7975101353750632
Random Forest,1,S13,0,0.6856315259795687
Random Forest,1,S13,0,0.779201842967022
Random Forest,1,S21,1,0.9909102142018233
Random Forest,1,S21,1,0.9640986409649337
Random Forest,1,S21,1,0.8359271924625603
Random Forest,1,S21,1,0.9882153313939775
Random Forest,1,S21,1,0.9264252545301656
Random Forest,1,S21,1,0.9887884750713886
Random Forest,1,S21,1,0.9965142857142857
Random Forest,1,S22,1,0.8061797124852931
Random Forest,1,S22,1,0.8238828837627297
Random Forest,1,S22,1,0.7737891206223049
Random Forest,1,S22,1,0.8306988041413275
Random Forest,1,S22,1,0.8432753540889788
Random Forest,1,S22,1,0.8304094000954302
Random Forest,1,S33,1,0.996
Random Forest,1,S33,1,0.9858792863667718
Random Forest,1,S33,1,0.970848999832218
Random Forest,1,S33,1,0.9843947502842976
Random Forest,1,S33,1,0.9823935720810575
Random Forest,1,S33,1,0.9407733189165005
Random Forest,1,S49,0,0.9362069116416253
Random Forest,1,S49,0,0.9723040786661706
Random Forest,1,S49,0,0.8904531743939895
Random Forest,1,S49,0,0.6412868182357792
Random Forest,1,S49,0,0.7181766450158872
Random Forest,1,S49,0,0.6968732380633128
Logistic Regression,2,S08,1,0.6858355102826654
Logistic Regression,2,S08,1,0.6433653756520255
Logistic Regression,2,S08,1,0.23102268059337353
Logistic Regression,2,S08,1,0.5469020326648261
Logistic Regression,2,S08,1,0.2597377664697747
Logistic Regression,2,S08,1,0.10077082320339951
Logistic Regression,2,S19,1,0.6710675036406712
Logistic Regression,2,S19,1,0.5498575223775487
Logistic Regression,2,S19,1,0.817181624089622
Logistic Regression,2,S19,1,0.7443547938787254
Logistic Regression,2,S19,1,0.9547183752007765
Logistic Regression,2,S19,1,0.6677161858292662
Logistic Regression,2,S24,1,0.9999744699940604
Logistic Regression,2,S24,1,0.9999892053490494
Logistic Regression,2,S24,1,0.9999999994219826
Logistic Regression,2,S24,1,0.9999999999999989
Logistic Regression,2,S24,1,0.9999999400859347
Logistic Regression,2,S24,1,0.9999999999998908
Logistic Regression,2,S32,1,0.1814314309796832
Logistic Regression,2,S32,1,0.3299835258336808
Logistic Regression,2,S32,1,0.6802443287101199
Logistic Regression,2,S32,1,0.6837467372837835
Logistic Regression,2,S32,1,0.8266388498621492
Logistic Regression,2,S32,1,0.12814380787342994
Logistic Regression,2,S35,1,0.9999999987359929
Logistic Regression,2,S35,1,0.9999993415132209
Logistic Regression,2,S35,1,0.9999999779115034
Logistic Regression,2,S35,1,0.9999990556622678
Logistic Regression,2,S35,1,0.9999999751929802
Logistic Regression,2,S35,1,1.0
Logistic Regression,2,S35,1,0.9999999999963898
Logistic Regression,2,S50,0,0.9242019580758076
Logistic Regression,2,S50,0,0.971668917743815
Logistic Regression,2,S50,0,0.8766171763769247
Logistic Regression,2,S50,0,0.9993044701450492
Logistic Regression,2,S50,0,0.9893944151365028
Logistic Regression,2,S50,0,0.9773352320181531
RBF SVM,2,S08,1,0.6533483048102128
RBF SVM,2,S08,1,0.6014913737832546
RBF SVM,2,S08,1,0.37156915123961354
RBF SVM,2,S08,1,0.536420590108829
RBF SVM,2,S08,1,0.4153499737919357
RBF SVM,2,S08,1,0.32072099404747784
RBF SVM,2,S19,1,0.41645899088390426
RBF SVM,2,S19,1,0.5557299329137968
RBF SVM,2,S19,1,0.5603191106080692
RBF SVM,2,S19,1,0.48714794592441923
RBF SVM,2,S19,1,0.734755591447944
RBF SVM,2,S19,1,0.39395693334448995
RBF SVM,2,S24,1,0.6870679905033092
RBF SVM,2,S24,1,0.6755759107702167
RBF SVM,2,S24,1,0.6131077226208332
RBF SVM,2,S24,1,0.5910019613812353
RBF SVM,2,S24,1,0.6554870927165224
RBF SVM,2,S24,1,0.5910020391900815
RBF SVM,2,S32,1,0.31908448378145454
RBF SVM,2,S32,1,0.29991209848628325
RBF SVM,2,S32,1,0.5366908812630476
RBF SVM,2,S32,1,0.4721868970098817
RBF SVM,2,S32,1,0.5639310391422088
RBF SVM,2,S32,1,0.23568725669583676
RBF SVM,2,S35,1,0.605511892224614
RBF SVM,2,S35,1,0.6471683567986684
RBF SVM,2,S35,1,0.6141015109291396
RBF SVM,2,S35,1,0.6003331788111951
RBF SVM,2,S35,1,0.6135797430840569
RBF SVM,2,S35,1,0.5910019611092157
RBF SVM,2,S35,1,0.5910448680773962
RBF SVM,2,S50,0,0.7147099695439568
RBF SVM,2,S50,0,0.7905115957869892
RBF SVM,2,S50,0,0.7448198227006512
RBF SVM,2,S50,0,0.6180825501075353
RBF SVM,2,S50,0,0.6816909006102805
RBF SVM,2,S50,0,0.7655945880631325
Random Forest,2,S08,1,0.7991158373758042
Random Forest,2,S08,1,0.6873043318701693
Random Forest,2,S08,1,0.5238615672280521
Random Forest,2,S08,1,0.48453772144298723
Random Forest,2,S08,1,0.4568335830383287
Random Forest,2,S08,1,0.3182327842096281
Random Forest,2,S19,1,0.4092316807040836
Random Forest,2,S19,1,0.874333867444936
Random Forest,2,S19,1,0.7936602079985239
Random Forest,2,S19,1,0.6633164238287297
Random Forest,2,S19,1,0.9609212852969814
Random Forest,2,S19,1,0.5736009425398276
Random Forest,2,S24,1,0.9966131386861313
Random Forest,2,S24,1,0.9966131386861313
Random Forest,2,S24,1,0.9966131386861313
Random Forest,2,S24,1,0.980906361838658
Random Forest,2,S24,1,0.9936764298253719
Random Forest,2,S24,1,0.9966131386861313
Random Forest,2,S32,1,0.5000031086733269
Random Forest,2,S32,1,0.4711590300494827
Random Forest,2,S32,1,0.6857159513371411
Random Forest,2,S32,1,0.6334019905547378
Random Forest,2,S32,1,0.69951835956332
Random Forest,2,S32,1,0.26754620284429964
Random Forest,2,S35,1,1.0
Random Forest,2,S35,1,0.9936800000000001
Random Forest,2,S35,1,0.9966131386861313
Random Forest,2,S35,1,0.9783089478711926
Random Forest,2,S35,1,1.0
Random Forest,2,S35,1,0.991356429825372
Random Forest,2,S35,1,0.9783089478711926
Random Forest,2,S50,0,0.7966466238968647
Random Forest,2,S50,0,0.8963844521500355
Random Forest,2,S50,0,0.9618575282666313
Random Forest,2,S50,0,0.8222606577842541
Random Forest,2,S50,0,0.7539498443387187
Random Forest,2,S50,0,0.8097566994116704
Logistic Regression,3,S10,0,0.0448768165732834
Logistic Regression,3,S10,0,0.10387534932300486
Logistic Regression,3,S10,0,0.04379303489742469
Logistic Regression,3,S10,0,0.057111039764951535
Logistic Regression,3,S10,0,0.05968059418797548
Logistic Regression,3,S10,0,0.027593748851483812
Logistic Regression,3,S16,1,0.9751757001931396
Logistic Regression,3,S16,1,0.9906274832450245
Logistic Regression,3,S16,1,0.9929935653662951
Logistic Regression,3,S16,1,0.9823895384649584
Logistic Regression,3,S16,1,0.9800368320008735
Logistic Regression,3,S16,1,0.9734844481878742
Logistic Regression,3,S25,1,0.029553466360390555
Logistic Regression,3,S25,1,0.02501066119693615
Logistic Regression,3,S25,1,0.07852159190698664
Logistic Regression,3,S25,1,0.049865508521527525
Logistic Regression,3,S25,1,0.23909813481314374
Logistic Regression,3,S25,1,0.07482082125229834
Logistic Regression,3,S27,1,0.7303042391621835
Logistic Regression,3,S27,1,0.257786770966832
Logistic Regression,3,S27,1,0.9636004691913301
Logistic Regression,3,S27,1,0.8153848538908969
Logistic Regression,3,S27,1,0.54989722449581
Logistic Regression,3,S27,1,0.32415430596584743
Logistic Regression,3,S27,1,0.7648455373208708
Logistic Regression,3,S34,1,0.9923902999709472
Logistic Regression,3,S34,1,0.9911642977658084
Logistic Regression,3,S34,1,0.9070293978409296
Logistic Regression,3,S34,1,0.32426620140974416
Logistic Regression,3,S34,1,0.4861313869820845
Logistic Regression,3,S34,1,0.7412007236015666
Logistic Regression,3,S37,1,0.6225974512406701
Logistic Regression,3,S37,1,0.9219038317412502
Logistic Regression,3,S37,1,0.9646739112104046
Logistic Regression,3,S37,1,0.7276805967279272
Logistic Regression,3,S37,1,0.9952644696629652
Logistic Regression,3,S37,1,0.9327646812689975
RBF SVM,3,S10,0,0.2521531201745083
RBF SVM,3,S10,0,0.27048911058722247
RBF SVM,3,S10,0,0.21536609619887578
RBF SVM,3,S10,0,0.22258870329816166
RBF SVM,3,S10,0,0.22545580589248138
RBF SVM,3,S10,0,0.24946030687335016
RBF SVM,3,S16,1,0.856012690573481
RBF SVM,3,S16,1,0.8835302933528912
RBF SVM,3,S16,1,0.8852339082258964
RBF SVM,3,S16,1,0.8304717827745121
RBF SVM,3,S16,1,0.842344113396022
RBF SVM,3,S16,1,0.8739459742413197
RBF SVM,3,S25,1,0.2389358878292643
RBF SVM,3,S25,1,0.2390948107137755
RBF SVM,3,S25,1,0.21992179598185746
RBF SVM,3,S25,1,0.2409209132987098
RBF SVM,3,S25,1,0.3678210794130598
RBF SVM,3,S25,1,0.28345584254903383
RBF SVM,3,S27,1,0.49868126837841753
RBF SVM,3,S27,1,0.40353019174548344
RBF SVM,3,S27,1,0.6722508117317137
RBF SVM,3,S27,1,0.6361243776968464
RBF SVM,3,S27,1,0.5893701695233371
RBF SVM,3,S27,1,0.42043236569188197
RBF SVM,3,S27,1,0.6345211389218298
RBF SVM,3,S34,1,0.7741884539119875
RBF SVM,3,S34,1,0.6968496218210554
RBF SVM,3,S34,1,0.694863845104967
RBF SVM,3,S34,1,0.3578985236270379
RBF SVM,3,S34,1,0.4082787507352665
RBF SVM,3,S34,1,0.4942416675685934
RBF SVM,3,S37,1,0.5937689885013209
RBF SVM,3,S37,1,0.667029470452917
RBF SVM,3,S37,1,0.6998465587169322
RBF SVM,3,S37,1,0.5250226997284886
RBF SVM,3,S37,1,0.678671756951712
RBF SVM,3,S37,1,0.6408019458110921
Random Forest,3,S10,0,0.11830206082661937
Random Forest,3,S10,0,0.14678741029505205
Random Forest,3,S10,0,0.059884147243817305
Random Forest,3,S10,0,0.06464566899606178
Random Forest,3,S10,0,0.06002538996067417
Random Forest,3,S10,0,0.17691964766000967
Random Forest,3,S16,1,0.9757742334739803
Random Forest,3,S16,1,1.0
Random Forest,3,S16,1,1.0
Random Forest,3,S16,1,0.9484856352496728
Random Forest,3,S16,1,0.9745463032430933
Random Forest,3,S16,1,0.942703253680458
Random Forest,3,S25,1,0.43548944357295744
Random Forest,3,S25,1,0.329938104382604
Random Forest,3,S25,1,0.45256703514420127
Random Forest,3,S25,1,0.3910518448811882
Random Forest,3,S25,1,0.5904256834150334
Random Forest,3,S25,1,0.44984552176821235
Random Forest,3,S27,1,0.7530373761317107
Random Forest,3,S27,1,0.7243695172266235
Random Forest,3,S27,1,0.7961596036310538
Random Forest,3,S27,1,0.7552844008599288
Random Forest,3,S27,1,0.7238103095344175
Random Forest,3,S27,1,0.620398319134765
Random Forest,3,S27,1,0.7884381117738913
Random Forest,3,S34,1,0.9268830947285158
Random Forest,3,S34,1,0.8989971941440577
Random Forest,3,S34,1,0.8759309393365219
Random Forest,3,S34,1,0.5425416295777706
Random Forest,3,S34,1,0.6595571647121937
Random Forest,3,S34,1,0.7091273572203153
Random Forest,3,S37,1,0.856810997178974
Random Forest,3,S37,1,0.8980433816381057
Random Forest,3,S37,1,0.9488435530809003
Random Forest,3,S37,1,0.8358495667073518
Random Forest,3,S37,1,0.9773432696569613
Random Forest,3,S37,1,0.9735538072054528
Logistic Regression,4,S01,1,0.9987624764619509
Logistic Regression,4,S01,1,0.9999391708465127
Logistic Regression,4,S01,1,0.9996192596796841
Logistic Regression,4,S01,1,0.9998955769245031
Logistic Regression,4,S01,1,0.9999232121012122
Logistic Regression,4,S01,1,0.9997901777722321
Logistic Regression,4,S04,1,0.20058124137186628
Logistic Regression,4,S04,1,0.9009147277787618
Logistic Regression,4,S04,1,0.5335319473578579
Logistic Regression,4,S04,1,0.747743343924546
Logistic Regression,4,S04,1,0.5632333777511623
Logistic Regression,4,S04,1,0.9997160661866418
Logistic Regression,4,S07,0,0.07856023383439362
Logistic Regression,4,S07,0,0.057393509111214124
Logistic Regression,4,S07,0,0.13923985256344146
Logistic Regression,4,S07,0,0.08931509001201665
Logistic Regression,4,S07,0,0.062060795942076384
Logistic Regression,4,S07,0,0.1197700514944119
Logistic Regression,4,S18,1,0.8994520172694338
Logistic Regression,4,S18,1,0.8590262852680386
Logistic Regression,4,S18,1,0.6242495118521714
Logistic Regression,4,S18,1,0.5425432660951884
Logistic Regression,4,S18,1,0.7098632417473727
Logistic Regression,4,S18,1,0.9394326546216332
Logistic Regression,4,S26,1,0.7842293363505524
Logistic Regression,4,S26,1,0.9557712053471074
Logistic Regression,4,S26,1,0.3190815599630369
Logistic Regression,4,S26,1,0.8921116440313578
Logistic Regression,4,S26,1,0.600450336815193
Logistic Regression,4,S26,1,0.43339476554588363
Logistic Regression,4,S39,1,0.6470709212715546
Logistic Regression,4,S39,1,0.9392655589562353
Logistic Regression,4,S39,1,0.8913504983851234
Logistic Regression,4,S39,1,0.7209066015026391
Logistic Regression,4,S39,1,0.5135054045539084
Logistic Regression,4,S39,1,0.997995740592828
Logistic Regression,4,S43,0,0.8341360370184385
Logistic Regression,4,S43,0,0.9370494154002905
Logistic Regression,4,S43,0,0.9369551278295462
Logistic Regression,4,S43,0,0.918752271782895
Logistic Regression,4,S43,0,0.9148634424739965
Logistic Regression,4,S43,0,0.8820696211879093
RBF SVM,4,S01,1,0.8602839043911994
RBF SVM,4,S01,1,0.8130303182183903
RBF SVM,4,S01,1,0.8267282405604541
RBF SVM,4,S01,1,0.8253041807216204
RBF SVM,4,S01,1,0.7636404805110991
RBF SVM,4,S01,1,0.8499308516186194
RBF SVM,4,S04,1,0.3750097115173513
RBF SVM,4,S04,1,0.7000990113593134
RBF SVM,4,S04,1,0.4559294665033058
RBF SVM,4,S04,1,0.4818382258853583
RBF SVM,4,S04,1,0.46672880749692897
RBF SVM,4,S04,1,0.819065620663822
RBF SVM,4,S07,0,0.3975223606499475
RBF SVM,4,S07,0,0.4418346015523005
RBF SVM,4,S07,0,0.404137796432236
RBF SVM,4,S07,0,0.5074586225462023
RBF SVM,4,S07,0,0.518618001768075
RBF SVM,4,S07,0,0.5465801478955257
RBF SVM,4,S18,1,0.7439851055996191
RBF SVM,4,S18,1,0.7485271533062129
RBF SVM,4,S18,1,0.7284358911621686
RBF SVM,4,S18,1,0.6685793583473482
RBF SVM,4,S18,1,0.668511062568934
RBF SVM,4,S18,1,0.8001763436647461
RBF SVM,4,S26,1,0.6504810733792434
RBF SVM,4,S26,1,0.732781224746603
RBF SVM,4,S26,1,0.4529650052467158
RBF SVM,4,S26,1,0.7111678790770057
RBF SVM,4,S26,1,0.5900710011816616
RBF SVM,4,S26,1,0.38666573663577786
RBF SVM,4,S39,1,0.613459362509441
RBF SVM,4,S39,1,0.7503128424187844
RBF SVM,4,S39,1,0.738093942137654
RBF SVM,4,S39,1,0.7481707255033927
RBF SVM,4,S39,1,0.45028153022978484
RBF SVM,4,S39,1,0.8337060741743365
RBF SVM,4,S43,0,0.7008853193587259
RBF SVM,4,S43,0,0.759854421964793
RBF SVM,4,S43,0,0.7521312971547076
RBF SVM,4,S43,0,0.7041309681775272
RBF SVM,4,S43,0,0.7254839482428612
RBF SVM,4,S43,0,0.7646521739502952
Random Forest,4,S01,1,0.9828235294117649
Random Forest,4,S01,1,0.9929411764705883
Random Forest,4,S01,1,0.9797647058823532
Random Forest,4,S01,1,0.9828235294117649
Random Forest,4,S01,1,0.9797647058823532
Random Forest,4,S01,1,0.9797647058823532
Random Forest,4,S04,1,0.4988279000486202
Random Forest,4,S04,1,0.8445456231920802
Random Forest,4,S04,1,0.7409035137776042
Random Forest,4,S04,1,0.761744198018967
Random Forest,4,S04,1,0.7936942326758927
Random Forest,4,S04,1,0.9311477517322722
Random Forest,4,S07,0,0.6722449810879325
Random Forest,4,S07,0,0.7489735121282555
Random Forest,4,S07,0,0.6401253839724905
Random Forest,4,S07,0,0.7398217956277017
Random Forest,4,S07,0,0.7614061093531919
Random Forest,4,S07,0,0.6670339632181423
Random Forest,4,S18,1,0.9864156862745099
Random Forest,4,S18,1,0.9848806722689079
Random Forest,4,S18,1,0.963148011204482
Random Forest,4,S18,1,0.9092095897822476
Random Forest,4,S18,1,0.963148011204482
Random Forest,4,S18,1,0.9969411764705883
Random Forest,4,S26,1,0.9642968700523687
Random Forest,4,S26,1,0.8282601353968073
Random Forest,4,S26,1,0.38852948643109936
Random Forest,4,S26,1,0.7159938815268383
Random Forest,4,S26,1,0.7023633312475758
Random Forest,4,S26,1,0.2981976606971338
Random Forest,4,S39,1,0.9744044817927171
Random Forest,4,S39,1,0.987356862745098
Random Forest,4,S39,1,0.9969411764705883
Random Forest,4,S39,1,0.9851559161595673
Random Forest,4,S39,1,0.5128458833435715
Random Forest,4,S39,1,0.9771559161595673
Random Forest,4,S43,0,0.8685732212885154
Random Forest,4,S43,0,0.8245404531849462
Random Forest,4,S43,0,0.8150166436611367
Random Forest,4,S43,0,0.8352390958243764
Random Forest,4,S43,0,0.8576908251476848
Random Forest,4,S43,0,0.7557386003287323
Logistic Regression,5,S02,1,0.2711551758354792
Logistic Regression,5,S02,1,0.0584960758265162
Logistic Regression,5,S02,1,0.7591271088638234
Logistic Regression,5,S02,1,0.9700249251311744
Logistic Regression,5,S02,1,0.9359185888950147
Logistic Regression,5,S02,1,0.9838076534317998
Logistic Regression,5,S05,1,0.9999327383966637
Logistic Regression,5,S05,1,0.9984669915036406
Logistic Regression,5,S05,1,0.9959459849099598
Logistic Regression,5,S05,1,0.9717515452500933
Logistic Regression,5,S05,1,0.9986269035086374
Logistic Regression,5,S05,1,0.9731645966994797
Logistic Regression,5,S17,0,0.10992556534299891
Logistic Regression,5,S17,0,0.031601013199832266
Logistic Regression,5,S17,0,0.1029451276716659
Logistic Regression,5,S17,0,0.11947325519322621
Logistic Regression,5,S17,0,0.03219154580311626
Logistic Regression,5,S17,0,0.014754593849280993
Logistic Regression,5,S20,1,0.7085397225260002
Logistic Regression,5,S20,1,0.9127908092753305
Logistic Regression,5,S20,1,0.9721571077532054
Logistic Regression,5,S20,1,0.736019867834125
Logistic Regression,5,S20,1,0.5483180222776046
Logistic Regression,5,S20,1,0.02422322042820411
Logistic Regression,5,S31,1,0.7007948103984476
Logistic Regression,5,S31,1,0.1817270514177653
Logistic Regression,5,S31,1,0.033008816583991595
Logistic Regression,5,S31,1,0.03500617038599613
Logistic Regression,5,S31,1,0.025668593559423962
Logistic Regression,5,S31,1,0.05788464838427374
Logistic Regression,5,S42,0,0.23615567530128662
Logistic Regression,5,S42,0,0.10675916505130557
Logistic Regression,5,S42,0,0.027977354875709303
Logistic Regression,5,S42,0,0.8502101262640172
Logistic Regression,5,S42,0,0.06689691374053709
Logistic Regression,5,S42,0,0.03319112516512121
Logistic Regression,5,S44,1,0.33052766339017864
Logistic Regression,5,S44,1,0.3168399310739216
Logistic Regression,5,S44,1,0.8871348031723797
Logistic Regression,5,S44,1,0.6103990147912938
Logistic Regression,5,S44,1,0.8351934069173286
Logistic Regression,5,S44,1,0.2969734701679492
RBF SVM,5,S02,1,0.2963047327217282
RBF SVM,5,S02,1,0.18808978884999514
RBF SVM,5,S02,1,0.5963571434551077
RBF SVM,5,S02,1,0.7571705610407041
RBF SVM,5,S02,1,0.6695105646082039
RBF SVM,5,S02,1,0.7802275719473463
RBF SVM,5,S05,1,0.8205154396193151
RBF SVM,5,S05,1,0.8602099780645738
RBF SVM,5,S05,1,0.8422441370091703
RBF SVM,5,S05,1,0.8043778769064723
RBF SVM,5,S05,1,0.8423944053007472
RBF SVM,5,S05,1,0.7825004009395985
RBF SVM,5,S17,0,0.37222750466160764
RBF SVM,5,S17,0,0.2991486180427521
RBF SVM,5,S17,0,0.2937204988319413
RBF SVM,5,S17,0,0.30718728692360614
RBF SVM,5,S17,0,0.258554557881588
RBF SVM,5,S17,0,0.31589381597161564
RBF SVM,5,S20,1,0.666108243103946
RBF SVM,5,S20,1,0.8215029584571393
RBF SVM,5,S20,1,0.83267939734628
RBF SVM,5,S20,1,0.7303810783897158
RBF SVM,5,S20,1,0.612600576985179
RBF SVM,5,S20,1,0.24881312279729179
RBF SVM,5,S31,1,0.7657085471660541
RBF SVM,5,S31,1,0.5192246521621875
RBF SVM,5,S31,1,0.35778308425415845
RBF SVM,5,S31,1,0.3939736277841611
RBF SVM,5,S31,1,0.3749948775970834
RBF SVM,5,S31,1,0.42925383579460463
RBF SVM,5,S42,0,0.3776630563092305
RBF SVM,5,S42,0,0.2761677286678936
RBF SVM,5,S42,0,0.21981250986513834
RBF SVM,5,S42,0,0.6127364627582135
RBF SVM,5,S42,0,0.21948413240525996
RBF SVM,5,S42,0,0.23338014365948018
RBF SVM,5,S44,1,0.49672139060474724
RBF SVM,5,S44,1,0.431181914283377
RBF SVM,5,S44,1,0.7394277197698718
RBF SVM,5,S44,1,0.5456394346040969
RBF SVM,5,S44,1,0.7054751410214999
RBF SVM,5,S44,1,0.4423586982635574
Random Forest,5,S02,1,0.3874942543553374
Random Forest,5,S02,1,0.17137082661403363
Random Forest,5,S02,1,0.8835215834263647
Random Forest,5,S02,1,0.9775173859230246
Random Forest,5,S02,1,0.9035875033003271
Random Forest,5,S02,1,0.971635032981848
Random Forest,5,S05,1,0.9736099006875478
Random Forest,5,S05,1,1.0
Random Forest,5,S05,1,0.9701432340208811
Random Forest,5,S05,1,0.9927441860465117
Random Forest,5,S05,1,0.9852026536930562
Random Forest,5,S05,1,0.9815630940552474
Random Forest,5,S17,0,0.3647113137152046
Random Forest,5,S17,0,0.23601077413094976
Random Forest,5,S17,0,0.14952265780730892
Random Forest,5,S17,0,0.38826296137059485
Random Forest,5,S17,0,0.2904892408860729
Random Forest,5,S17,0,0.26457377369552465
Random Forest,5,S20,1,0.971533785210012
Random Forest,5,S20,1,0.9977391304347826
Random Forest,5,S20,1,0.9415058000120644
Random Forest,5,S20,1,0.9919437910224219
Random Forest,5,S20,1,0.8153335368999233
Random Forest,5,S20,1,0.5836533762441146
Random Forest,5,S31,1,0.9537725490196078
Random Forest,5,S31,1,0.8143981138562716
Random Forest,5,S31,1,0.7105464902725499
Random Forest,5,S31,1,0.7609657916999442
Random Forest,5,S31,1,0.8594130228443887
Random Forest,5,S31,1,0.8323406497090883
Random Forest,5,S42,0,0.27694134954348926
Random Forest,5,S42,0,0.14442665639350205
Random Forest,5,S42,0,0.2203500281104133
Random Forest,5,S42,0,0.7332285397434046
Random Forest,5,S42,0,0.2022340671377021
Random Forest,5,S42,0,0.19516182038178945
Random Forest,5,S44,1,0.6955798319327733
Random Forest,5,S44,1,0.5855148459383755
Random Forest,5,S44,1,0.9237809654258741
Random Forest,5,S44,1,0.8319847727058578
Random Forest,5,S44,1,0.8792486305837627
Random Forest,5,S44,1,0.6273938375350141
